{"train_loss":-0.022848290701707203,"train_samples_per_second":0.006,"total_flos":0,"_wandb":{"runtime":1513},"train/global_step":3,"_runtime":1054.231974304,"train_steps_per_second":0.003,"_step":0,"train/epoch":3,"train_runtime":1055.5406,"_timestamp":1.7325052230548027e+09}