{"_step":0,"train_loss":-0.18407169977823892,"train_runtime":266.8094,"train_samples_per_second":0.022,"total_flos":0,"train/global_step":3,"train_steps_per_second":0.011,"_timestamp":1.732755970395922e+09,"_wandb":{"runtime":342},"train/epoch":3,"_runtime":266.474861053}