{"total_flos":0,"train_loss":-0.18407169977823892,"_wandb":{"runtime":186},"train_samples_per_second":0.032,"train_runtime":187.1744,"train/epoch":3,"train_steps_per_second":0.016,"_runtime":186.813518278,"_step":0,"_timestamp":1.732757389162149e+09,"train/global_step":3}