{"_timestamp":1.732508748041389e+09,"total_flos":0,"train_steps_per_second":0.002,"_step":0,"_wandb":{"runtime":1341},"train_runtime":1330.0372,"train_samples_per_second":0.005,"train/epoch":3,"train/global_step":3,"_runtime":1328.752028935,"train_loss":-0.022848290701707203}