{"_wandb":{"runtime":228},"train/global_step":1,"total_flos":0,"train_steps_per_second":0.013,"train/epoch":1,"_runtime":76.29821664,"train_loss":-0.18407168984413147,"train_samples_per_second":0.026,"_step":0,"train_runtime":76.6826,"_timestamp":1.7327794776950233e+09}